PU_APPT_YEAR,PU_APPT_MONTH,ORIGIN_COUNTRY,ORIGIN_STATE,MONTHLY_DISTANCE_TRAVELLED
2019,1,Canada,BC,918.4
2019,1,Canada,ON,57022.2
2019,1,Canada,QC,9273.3
2019,1,United States,AL,36390.1
2019,1,United States,AR,21860.1
2019,1,United States,AZ,468260.6
2019,1,United States,CA,714027.06
2019,1,United States,CO,325375.4
2019,1,United States,CT,33747.9
2019,1,United States,DC,286.7
2019,1,United States,DE,1329.6
2019,1,United States,FL,121943.51
2019,1,United States,GA,617731.56
2019,1,United States,IA,27203.0
2019,1,United States,ID,11420.899
2019,1,United States,IL,58130.4
2019,1,United States,IN,439494.2
2019,1,United States,KS,246740.61
2019,1,United States,KY,34703.6
2019,1,United States,LA,20212.4
2019,1,United States,MA,32958.06
2019,1,United States,MD,237978.5
2019,1,United States,ME,9071.4
2019,1,United States,MI,113832.96
2019,1,United States,MN,34001.0
2019,1,United States,MO,197654.45
2019,1,United States,MS,83923.9
2019,1,United States,MT,15394.7
2019,1,United States,NC,149246.5
2019,1,United States,ND,3657.0
2019,1,United States,NE,7430.4
2019,1,United States,NH,2876.6
2019,1,United States,NJ,99420.7
2019,1,United States,NM,302423.3
2019,1,United States,NV,547655.4
2019,1,United States,NY,98230.8
2019,1,United States,OH,298490.4
2019,1,United States,OK,39930.09
2019,1,United States,OR,37024.4
2019,1,United States,PA,732287.7
2019,1,United States,RI,159.1
2019,1,United States,SC,260492.69
2019,1,United States,SD,3943.0
2019,1,United States,TN,1141279.5
2019,1,United States,TX,464465.0
2019,1,United States,UT,36547.31
2019,1,United States,VA,305169.47
2019,1,United States,VT,3808.7
2019,1,United States,WA,807809.75
2019,1,United States,WI,121741.24
2019,1,United States,WV,219475.2
2019,1,United States,WY,3477.9001
2019,2,Canada,BC,1007.0
2019,2,Canada,MB,2979.6
2019,2,Canada,ON,52064.0
2019,2,Canada,QC,30547.35
2019,2,United States,AK,3654.0
2019,2,United States,AL,27685.4
2019,2,United States,AR,31547.299
2019,2,United States,AZ,479128.9
2019,2,United States,CA,1020115.5
2019,2,United States,CO,385320.0
2019,2,United States,CT,31506.3
2019,2,United States,DC,136.20001
2019,2,United States,DE,1101.4
2019,2,United States,FL,197867.3
2019,2,United States,GA,586473.9
2019,2,United States,IA,34247.33
2019,2,United States,ID,19023.8
2019,2,United States,IL,75196.32
2019,2,United States,IN,489648.8
2019,2,United States,KS,245349.81
2019,2,United States,KY,45378.6
2019,2,United States,LA,27792.5
2019,2,United States,MA,42258.66
2019,2,United States,MD,231741.6
2019,2,United States,ME,5436.4
2019,2,United States,MI,94111.24
2019,2,United States,MN,82614.3
2019,2,United States,MO,169422.73
2019,2,United States,MS,52743.7
2019,2,United States,MT,15553.9
2019,2,United States,NC,170913.08
2019,2,United States,ND,8537.2
2019,2,United States,NE,9335.2
2019,2,United States,NH,209.3
2019,2,United States,NJ,112888.6
2019,2,United States,NM,393229.0
2019,2,United States,NV,381824.53
2019,2,United States,NY,106570.94
2019,2,United States,OH,343766.9
2019,2,United States,OK,56530.9
2019,2,United States,OR,38113.12
2019,2,United States,PA,766963.9
2019,2,United States,RI,228.4
2019,2,United States,SC,288597.62
2019,2,United States,SD,8689.6
2019,2,United States,TN,1073983.5
2019,2,United States,TX,483585.34
2019,2,United States,UT,52956.31
2019,2,United States,VA,263021.34
2019,2,United States,VT,8974.0
2019,2,United States,WA,705805.6
2019,2,United States,WI,137949.0
2019,2,United States,WV,191294.2
2019,2,United States,WY,693.7
2019,3,Canada,BC,918.4
2019,3,Canada,ON,66433.8
2019,3,Canada,QC,16366.25
2019,3,United States,AL,24594.7
2019,3,United States,AR,20121.3
2019,3,United States,AZ,517408.12
2019,3,United States,CA,978747.25
2019,3,United States,CO,400915.28
2019,3,United States,CT,50687.4
2019,3,United States,DC,66.600006
2019,3,United States,DE,2118.3
2019,3,United States,FL,164301.1
2019,3,United States,GA,770776.56
2019,3,United States,IA,37983.7
2019,3,United States,ID,15717.1
2019,3,United States,IL,104254.27
2019,3,United States,IN,468956.4
2019,3,United States,KS,230951.77
2019,3,United States,KY,46033.7
2019,3,United States,LA,17948.44
2019,3,United States,MA,45085.7
2019,3,United States,MD,243649.8
2019,3,United States,ME,6059.0
2019,3,United States,MI,128317.46
2019,3,United States,MN,65959.2
2019,3,United States,MO,241908.34
2019,3,United States,MS,63681.0
2019,3,United States,MT,22220.4
2019,3,United States,NC,166188.69
2019,3,United States,ND,9369.899
2019,3,United States,NE,26436.4
2019,3,United States,NH,2145.9
2019,3,United States,NJ,120031.49
2019,3,United States,NM,395316.4
2019,3,United States,NV,447961.84
2019,3,United States,NY,115721.1
2019,3,United States,OH,262849.1
2019,3,United States,OK,28596.87
2019,3,United States,OR,54891.3
2019,3,United States,PA,753269.3
2019,3,United States,RI,3240.9
2019,3,United States,SC,306628.62
2019,3,United States,SD,10952.0
2019,3,United States,TN,1073440.8
2019,3,United States,TX,1835708.5
2019,3,United States,UT,45767.81
2019,3,United States,VA,294669.34
2019,3,United States,VT,2775.5
2019,3,United States,WA,869669.06
2019,3,United States,WI,134699.66
2019,3,United States,WV,156145.6
2019,3,United States,WY,3010.9
2019,4,Canada,BC,1026.5
2019,4,Canada,MB,4469.4004
2019,4,Canada,ON,55494.5
2019,4,Canada,QC,28780.41
2019,4,United States,AL,25179.1
2019,4,United States,AR,25452.37
2019,4,United States,AZ,393487.8
2019,4,United States,CA,987083.1
2019,4,United States,CO,322794.03
2019,4,United States,CT,36811.6
2019,4,United States,DC,360.7
2019,4,United States,DE,4148.3
2019,4,United States,FL,195569.3
2019,4,United States,GA,600470.4
2019,4,United States,IA,36270.7
2019,4,United States,ID,13061.5
2019,4,United States,IL,88143.83
2019,4,United States,IN,433992.1
2019,4,United States,KS,329590.12
2019,4,United States,KY,29126.0
2019,4,United States,LA,27415.32
2019,4,United States,MA,66091.805
2019,4,United States,MD,211967.4
2019,4,United States,ME,6424.3
2019,4,United States,MI,95720.08
2019,4,United States,MN,69269.8
2019,4,United States,MO,169268.4
2019,4,United States,MS,62459.0
2019,4,United States,MT,24451.5
2019,4,United States,NC,151071.38
2019,4,United States,ND,6661.1997
2019,4,United States,NE,7354.1
2019,4,United States,NH,1900.6
2019,4,United States,NJ,109229.0
2019,4,United States,NM,347865.7
2019,4,United States,NV,416671.7
2019,4,United States,NY,113599.25
2019,4,United States,OH,326592.0
2019,4,United States,OK,34664.48
2019,4,United States,OR,51805.4
2019,4,United States,PA,754734.7
2019,4,United States,RI,188.8
2019,4,United States,SC,222767.42
2019,4,United States,SD,13354.2
2019,4,United States,TN,894929.2
2019,4,United States,TX,2216195.8
2019,4,United States,UT,46457.25
2019,4,United States,VA,283773.7
2019,4,United States,VT,6186.4
2019,4,United States,WA,865153.9
2019,4,United States,WI,154683.47
2019,4,United States,WV,179410.5
2019,5,Canada,AB,4633.82
2019,5,Canada,BC,1020.0
2019,5,Canada,MB,1489.8
2019,5,Canada,ON,82036.34
2019,5,Canada,QC,20266.18
2019,5,United States,AL,23083.0
2019,5,United States,AR,27619.43
2019,5,United States,AZ,453706.4
2019,5,United States,CA,1036473.06
2019,5,United States,CO,359534.2
2019,5,United States,CT,37175.35
2019,5,United States,DC,104.3
2019,5,United States,DE,1313.7
2019,5,United States,FL,223979.0
2019,5,United States,GA,641513.5
2019,5,United States,IA,51693.38
2019,5,United States,ID,24086.8
2019,5,United States,IL,114160.41
2019,5,United States,IN,468344.72
2019,5,United States,KS,298983.38
2019,5,United States,KY,39246.4
2019,5,United States,LA,26752.7
2019,5,United States,MA,46577.79
2019,5,United States,MD,261783.08
2019,5,United States,ME,7406.52
2019,5,United States,MI,115182.8
2019,5,United States,MN,58769.24
2019,5,United States,MO,225452.52
2019,5,United States,MS,55410.61
2019,5,United States,MT,21038.8
2019,5,United States,NC,183097.2
2019,5,United States,ND,19351.2
2019,5,United States,NE,11965.87
2019,5,United States,NH,4218.1997
2019,5,United States,NJ,157473.36
2019,5,United States,NM,332317.8
2019,5,United States,NV,396190.12
2019,5,United States,NY,126453.22
2019,5,United States,OH,426764.22
2019,5,United States,OK,34006.0
2019,5,United States,OR,69886.54
2019,5,United States,PA,715028.56
2019,5,United States,RI,211.4
2019,5,United States,SC,219663.34
2019,5,United States,SD,5849.0
2019,5,United States,TN,1006451.06
2019,5,United States,TX,2805038.5
2019,5,United States,UT,52107.45
2019,5,United States,VA,256787.4
2019,5,United States,VT,5467.3
2019,5,United States,WA,927940.4
2019,5,United States,WI,118553.31
2019,5,United States,WV,155504.4
2019,5,United States,WY,2094.2
2019,6,Canada,AB,24366.78
2019,6,Canada,BC,3682.2
2019,6,Canada,ON,75021.86
2019,6,Canada,QC,25966.15
2019,6,United States,AL,22281.4
2019,6,United States,AR,20785.8
2019,6,United States,AZ,354548.9
2019,6,United States,CA,967310.25
2019,6,United States,CO,308916.03
2019,6,United States,CT,49735.3
2019,6,United States,DC,68.7
2019,6,United States,DE,2656.2
2019,6,United States,FL,188465.1
2019,6,United States,GA,570199.8
2019,6,United States,IA,47065.3
2019,6,United States,ID,19712.4
2019,6,United States,IL,85300.37
2019,6,United States,IN,618582.6
2019,6,United States,KS,328722.1
2019,6,United States,KY,39965.54
2019,6,United States,LA,18907.08
2019,6,United States,MA,40673.4
2019,6,United States,MD,205002.9
2019,6,United States,ME,2864.08
2019,6,United States,MI,102317.0
2019,6,United States,MN,57901.297
2019,6,United States,MO,182646.06
2019,6,United States,MS,33364.0
2019,6,United States,MT,14714.6
2019,6,United States,NC,154563.7
2019,6,United States,ND,10663.7
2019,6,United States,NE,4368.3
2019,6,United States,NH,3120.5
2019,6,United States,NJ,107937.1
2019,6,United States,NM,356095.8
2019,6,United States,NV,383289.75
2019,6,United States,NY,110825.55
2019,6,United States,OH,224291.2
2019,6,United States,OK,32474.31
2019,6,United States,OR,69312.7
2019,6,United States,PA,706650.6
2019,6,United States,RI,1210.5
2019,6,United States,SC,215997.9
2019,6,United States,SD,9691.199
2019,6,United States,TN,890965.4
2019,6,United States,TX,2915263.2
2019,6,United States,UT,144560.9
2019,6,United States,VA,293913.56
2019,6,United States,VT,242.5
2019,6,United States,WA,674744.75
2019,6,United States,WI,124664.6
2019,6,United States,WV,122358.4
2019,6,United States,WY,3405.9
2019,7,Canada,AB,51120.74
2019,7,Canada,BC,1938.4
2019,7,Canada,MB,1489.8
2019,7,Canada,ON,81527.58
2019,7,Canada,QC,11862.8
2019,7,United States,AL,41465.23
2019,7,United States,AR,29193.15
2019,7,United States,AZ,445096.3
2019,7,United States,CA,1079951.5
2019,7,United States,CO,317688.28
2019,7,United States,CT,73139.7
2019,7,United States,DC,99.9
2019,7,United States,DE,4376.8
2019,7,United States,FL,196883.38
2019,7,United States,GA,649025.6
2019,7,United States,IA,60057.44
2019,7,United States,ID,22464.81
2019,7,United States,IL,97424.39
2019,7,United States,IN,793434.3
2019,7,United States,KS,335187.88
2019,7,United States,KY,52463.8
2019,7,United States,LA,27463.13
2019,7,United States,MA,40654.3
2019,7,United States,MD,252491.1
2019,7,United States,ME,2743.02
2019,7,United States,MI,99372.8
2019,7,United States,MN,59653.03
2019,7,United States,MO,171514.66
2019,7,United States,MS,48552.52
2019,7,United States,MT,19219.7
2019,7,United States,NC,159203.66
2019,7,United States,ND,5949.3
2019,7,United States,NE,9307.01
2019,7,United States,NH,6545.4
2019,7,United States,NJ,124272.72
2019,7,United States,NM,310815.7
2019,7,United States,NV,360860.53
2019,7,United States,NY,111175.48
2019,7,United States,OH,289598.6
2019,7,United States,OK,21598.93
2019,7,United States,OR,94152.82
2019,7,United States,PA,651349.5
2019,7,United States,RI,2071.8398
2019,7,United States,SC,229919.2
2019,7,United States,SD,4507.9
2019,7,United States,TN,873091.1
2019,7,United States,TX,2888149.8
2019,7,United States,UT,138061.34
2019,7,United States,VA,272295.4
2019,7,United States,VT,3924.5
2019,7,United States,WA,767972.8
2019,7,United States,WI,110907.08
2019,7,United States,WV,127211.54
2019,7,United States,WY,2435.1
2019,8,Canada,AB,44060.18
2019,8,Canada,BC,2305.0
2019,8,Canada,MB,1492.5
2019,8,Canada,ON,110227.1
2019,8,Canada,QC,13032.2
2019,8,United States,AL,27824.77
2019,8,United States,AR,26503.05
2019,8,United States,AZ,493765.72
2019,8,United States,CA,1297886.8
2019,8,United States,CO,392154.03
2019,8,United States,CT,78932.5
2019,8,United States,DE,77.0
2019,8,United States,FL,219189.61
2019,8,United States,GA,801704.25
2019,8,United States,IA,42613.52
2019,8,United States,ID,34409.25
2019,8,United States,IL,87794.5
2019,8,United States,IN,1062485.9
2019,8,United States,KS,346349.66
2019,8,United States,KY,76976.77
2019,8,United States,LA,36332.46
2019,8,United States,MA,40826.1
2019,8,United States,MD,339045.12
2019,8,United States,ME,5715.905
2019,8,United States,MI,80485.664
2019,8,United States,MN,62053.97
2019,8,United States,MO,205369.69
2019,8,United States,MS,46760.55
2019,8,United States,MT,25856.2
2019,8,United States,NC,159609.56
2019,8,United States,ND,4974.6997
2019,8,United States,NE,19272.27
2019,8,United States,NH,3277.2
2019,8,United States,NJ,186730.81
2019,8,United States,NM,440932.7
2019,8,United States,NV,303944.0
2019,8,United States,NY,147975.47
2019,8,United States,OH,354206.84
2019,8,United States,OK,24408.39
2019,8,United States,OR,80330.81
2019,8,United States,PA,685088.2
2019,8,United States,RI,3245.2
2019,8,United States,SC,212328.88
2019,8,United States,SD,6609.9
2019,8,United States,TN,949488.9
2019,8,United States,TX,2864494.0
2019,8,United States,UT,125034.11
2019,8,United States,VA,372012.1
2019,8,United States,VT,10499.049
2019,8,United States,WA,1149780.8
2019,8,United States,WI,311916.0
2019,8,United States,WV,155918.5
2019,8,United States,WY,4211.9
2019,9,Canada,AB,39079.47
2019,9,Canada,BC,1021.4
2019,9,Canada,ON,99348.63
2019,9,Canada,QC,11911.05
2019,9,United States,AK,3634.1
2019,9,United States,AL,47293.1
2019,9,United States,AR,14993.4
2019,9,United States,AZ,449249.88
2019,9,United States,CA,1124468.1
2019,9,United States,CO,400851.03
2019,9,United States,CT,42169.49
2019,9,United States,DC,34.6
2019,9,United States,DE,2286.7998
2019,9,United States,FL,236644.33
2019,9,United States,GA,779931.44
2019,9,United States,IA,47885.26
2019,9,United States,ID,18317.36
2019,9,United States,IL,77768.1
2019,9,United States,IN,970136.56
2019,9,United States,KS,298475.6
2019,9,United States,KY,48374.1
2019,9,United States,LA,19370.6
2019,9,United States,MA,44545.1
2019,9,United States,MD,288289.2
2019,9,United States,ME,6603.9
2019,9,United States,MI,86965.09
2019,9,United States,MN,67064.19
2019,9,United States,MO,272650.3
2019,9,United States,MS,722842.25
2019,9,United States,MT,18778.6
2019,9,United States,NC,129359.36
2019,9,United States,ND,6976.3
2019,9,United States,NE,17353.2
2019,9,United States,NH,8622.7
2019,9,United States,NJ,133375.53
2019,9,United States,NM,409105.9
2019,9,United States,NV,362185.8
2019,9,United States,NY,134644.9
2019,9,United States,OH,277999.7
2019,9,United States,OK,31006.61
2019,9,United States,OR,43399.88
2019,9,United States,PA,599651.44
2019,9,United States,RI,1321.9
2019,9,United States,SC,192145.5
2019,9,United States,SD,10035.899
2019,9,United States,TN,1521243.2
2019,9,United States,TX,2619333.8
2019,9,United States,UT,122947.38
2019,9,United States,VA,336937.1
2019,9,United States,VT,4313.3
2019,9,United States,WA,718241.75
2019,9,United States,WI,1167297.4
2019,9,United States,WV,191843.9
2019,9,United States,WY,851.69995
2019,10,Canada,AB,43382.37
2019,10,Canada,BC,4882.4
2019,10,Canada,MB,3457.5
2019,10,Canada,ON,104438.65
2019,10,Canada,QC,40306.5
2019,10,United States,AL,42175.0
2019,10,United States,AR,16593.42
2019,10,United States,AZ,477543.3
2019,10,United States,CA,1276686.4
2019,10,United States,CO,342463.7
2019,10,United States,CT,43077.3
2019,10,United States,DC,790.3
2019,10,United States,DE,89.9
2019,10,United States,FL,262520.62
2019,10,United States,GA,872548.8
2019,10,United States,IA,49926.62
2019,10,United States,ID,28094.0
2019,10,United States,IL,111741.914
2019,10,United States,IN,1278637.2
2019,10,United States,KS,393437.22
2019,10,United States,KY,64785.93
2019,10,United States,LA,26595.1
2019,10,United States,MA,46057.1
2019,10,United States,MD,337739.88
2019,10,United States,ME,5137.7
2019,10,United States,MI,107942.92
2019,10,United States,MN,75814.484
2019,10,United States,MO,251674.98
2019,10,United States,MS,1062758.0
2019,10,United States,MT,27826.7
2019,10,United States,NC,187611.28
2019,10,United States,ND,12399.58
2019,10,United States,NE,18744.8
2019,10,United States,NH,4948.2
2019,10,United States,NJ,178342.28
2019,10,United States,NM,554470.9
2019,10,United States,NV,381016.5
2019,10,United States,NY,107664.2
2019,10,United States,OH,304553.12
2019,10,United States,OK,24746.16
2019,10,United States,OR,64488.4
2019,10,United States,PA,628782.3
2019,10,United States,RI,1167.82
2019,10,United States,SC,257897.86
2019,10,United States,SD,5481.4
2019,10,United States,TN,1364127.6
2019,10,United States,TX,2658829.2
2019,10,United States,UT,124214.42
2019,10,United States,VA,357889.56
2019,10,United States,VT,6797.7603
2019,10,United States,WA,811788.2
2019,10,United States,WI,1340049.9
2019,10,United States,WV,152954.9
2019,10,United States,WY,2079.2
2019,11,Canada,AB,36579.99
2019,11,Canada,BC,103.0
2019,11,Canada,ON,84166.24
2019,11,Canada,QC,15612.95
2019,11,United States,AL,38167.29
2019,11,United States,AR,27452.11
2019,11,United States,AZ,293022.1
2019,11,United States,CA,891888.7
2019,11,United States,CO,379804.7
2019,11,United States,CT,48486.14
2019,11,United States,DC,141.20001
2019,11,United States,DE,1587.2999
2019,11,United States,FL,227975.92
2019,11,United States,GA,660460.44
2019,11,United States,IA,40756.95
2019,11,United States,ID,22383.4
2019,11,United States,IL,80254.98
2019,11,United States,IN,1073328.5
2019,11,United States,KS,322612.7
2019,11,United States,KY,37785.85
2019,11,United States,LA,13363.67
2019,11,United States,MA,44724.51
2019,11,United States,MD,263710.5
2019,11,United States,ME,6169.1
2019,11,United States,MI,85434.6
2019,11,United States,MN,108713.17
2019,11,United States,MO,213268.94
2019,11,United States,MS,903794.44
2019,11,United States,MT,25464.05
2019,11,United States,NC,136892.84
2019,11,United States,ND,14843.53
2019,11,United States,NE,14953.28
2019,11,United States,NH,3443.7
2019,11,United States,NJ,111775.61
2019,11,United States,NM,405679.4
2019,11,United States,NV,342193.56
2019,11,United States,NY,120089.16
2019,11,United States,OH,267282.44
2019,11,United States,OK,17242.62
2019,11,United States,OR,76427.73
2019,11,United States,PA,589531.5
2019,11,United States,RI,210.06
2019,11,United States,SC,223630.6
2019,11,United States,SD,8735.2
2019,11,United States,TN,1410595.1
2019,11,United States,TX,3532551.0
2019,11,United States,UT,103209.9
2019,11,United States,VA,299810.5
2019,11,United States,VT,1587.5599
2019,11,United States,WA,754379.94
2019,11,United States,WI,1094580.6
2019,11,United States,WV,144686.03
2019,11,United States,WY,1730.1
2019,12,Canada,AB,33712.9
2019,12,Canada,BC,103.0
2019,12,Canada,ON,55003.81
2019,12,Canada,QC,8103.9004
2019,12,United States,AL,32659.0
2019,12,United States,AR,23747.7
2019,12,United States,AZ,330548.75
2019,12,United States,CA,921080.7
2019,12,United States,CO,480846.34
2019,12,United States,CT,43197.03
2019,12,United States,DC,217.3
2019,12,United States,DE,316.5
2019,12,United States,FL,226925.53
2019,12,United States,GA,702884.1
2019,12,United States,IA,26869.8
2019,12,United States,ID,17751.9
2019,12,United States,IL,74294.29
2019,12,United States,IN,1534690.5
2019,12,United States,KS,279936.06
2019,12,United States,KY,47890.29
2019,12,United States,LA,18187.799
2019,12,United States,MA,41673.2
2019,12,United States,MD,293620.9
2019,12,United States,ME,6484.8003
2019,12,United States,MI,76794.414
2019,12,United States,MN,59733.098
2019,12,United States,MO,178730.44
2019,12,United States,MS,1256676.0
2019,12,United States,MT,18860.8
2019,12,United States,NC,172858.48
2019,12,United States,ND,9821.2
2019,12,United States,NE,51525.1
2019,12,United States,NH,2612.1
2019,12,United States,NJ,120482.04
2019,12,United States,NM,373908.38
2019,12,United States,NV,297691.06
2019,12,United States,NY,125950.5
2019,12,United States,OH,224371.88
2019,12,United States,OK,22838.25
2019,12,United States,OR,38556.8
2019,12,United States,PA,624515.56
2019,12,United States,RI,2418.7
2019,12,United States,SC,166088.02
2019,12,United States,SD,5993.9
2019,12,United States,TN,1413879.8
2019,12,United States,TX,4281552.0
2019,12,United States,UT,126565.88
2019,12,United States,VA,284290.5
2019,12,United States,VT,3471.2002
2019,12,United States,WA,655541.25
2019,12,United States,WI,1042791.0
2019,12,United States,WV,165015.48
2019,12,United States,WY,1495.1
2020,1,Canada,AB,31690.47
2020,1,Canada,BC,206.0
2020,1,Canada,ON,84590.44
2020,1,Canada,QC,19797.76
2020,1,United States,AK,3287.0
2020,1,United States,AL,42970.71
2020,1,United States,AR,24760.65
2020,1,United States,AZ,318440.75
2020,1,United States,CA,1091662.6
2020,1,United States,CO,426559.22
2020,1,United States,CT,84597.2
2020,1,United States,DC,104.3
2020,1,United States,DE,1782.6
2020,1,United States,FL,253988.9
2020,1,United States,GA,754623.6
2020,1,United States,IA,35780.4
2020,1,United States,ID,24662.45
2020,1,United States,IL,78435.91
2020,1,United States,IN,1481631.0
2020,1,United States,KS,340954.44
2020,1,United States,KY,46564.54
2020,1,United States,LA,24247.04
2020,1,United States,MA,47322.0
2020,1,United States,MD,278621.03
2020,1,United States,ME,8822.7
2020,1,United States,MI,105206.32
2020,1,United States,MN,111382.0
2020,1,United States,MO,224319.72
2020,1,United States,MS,1326229.1
2020,1,United States,MT,22737.2
2020,1,United States,NC,186773.05
2020,1,United States,ND,16839.6
2020,1,United States,NE,14651.5
2020,1,United States,NH,364.0
2020,1,United States,NJ,93713.37
2020,1,United States,NM,494509.0
2020,1,United States,NV,299878.4
2020,1,United States,NY,128348.0
2020,1,United States,OH,247227.05
2020,1,United States,OK,18665.27
2020,1,United States,OR,51667.7
2020,1,United States,PA,550964.1
2020,1,United States,RI,4460.3
2020,1,United States,SC,181828.69
2020,1,United States,SD,9549.899
2020,1,United States,TN,1410434.8
2020,1,United States,TX,3950542.8
2020,1,United States,UT,84587.15
2020,1,United States,VA,351443.2
2020,1,United States,VT,4330.6
2020,1,United States,WA,722688.9
2020,1,United States,WI,1172080.9
2020,1,United States,WV,210006.1
2020,1,United States,WY,1293.6
2020,2,Canada,AB,23230.75
2020,2,Canada,BC,103.0
2020,2,Canada,ON,73896.85
2020,2,Canada,QC,20569.1
2020,2,United States,AK,7193.3
2020,2,United States,AL,54373.35
2020,2,United States,AR,29470.5
2020,2,United States,AZ,251693.17
2020,2,United States,CA,967031.7
2020,2,United States,CO,384174.1
2020,2,United States,CT,60978.0
2020,2,United States,DC,97.0
2020,2,United States,DE,2201.8
2020,2,United States,FL,242317.58
2020,2,United States,GA,660721.4
2020,2,United States,IA,31712.22
2020,2,United States,ID,21438.2
2020,2,United States,IL,100238.0
2020,2,United States,IN,1474202.5
2020,2,United States,KS,254521.66
2020,2,United States,KY,38723.5
2020,2,United States,LA,29850.389
2020,2,United States,MA,37272.41
2020,2,United States,MD,292151.6
2020,2,United States,ME,4398.8
2020,2,United States,MI,91794.42
2020,2,United States,MN,67095.23
2020,2,United States,MO,239863.34
2020,2,United States,MS,1158554.5
2020,2,United States,MT,24983.71
2020,2,United States,NC,166278.73
2020,2,United States,ND,21152.26
2020,2,United States,NE,18192.0
2020,2,United States,NH,2273.8
2020,2,United States,NJ,111662.0
2020,2,United States,NM,447513.7
2020,2,United States,NV,307495.4
2020,2,United States,NY,115929.68
2020,2,United States,OH,354827.97
2020,2,United States,OK,26986.32
2020,2,United States,OR,51919.1
2020,2,United States,PA,580644.7
2020,2,United States,RI,3527.9
2020,2,United States,SC,120439.89
2020,2,United States,SD,8686.0
2020,2,United States,TN,2245225.2
2020,2,United States,TX,3739802.2
2020,2,United States,UT,99791.66
2020,2,United States,VA,320398.12
2020,2,United States,VT,3143.76
2020,2,United States,WA,666673.0
2020,2,United States,WI,1057252.6
2020,2,United States,WV,140926.8
2020,2,United States,WY,4002.8098
2020,3,Canada,AB,15398.4
2020,3,Canada,BC,103.0
2020,3,Canada,ON,59369.29
2020,3,Canada,QC,16264.5
2020,3,United States,AL,57412.31
2020,3,United States,AR,25633.67
2020,3,United States,AZ,236390.84
2020,3,United States,CA,900140.7
2020,3,United States,CO,299214.53
2020,3,United States,CT,79219.1
2020,3,United States,DC,64.100006
2020,3,United States,DE,182.20001
2020,3,United States,FL,222432.2
2020,3,United States,GA,507189.25
2020,3,United States,IA,31878.15
2020,3,United States,ID,19885.3
2020,3,United States,IL,112732.17
2020,3,United States,IN,1620056.2
2020,3,United States,KS,283079.3
2020,3,United States,KY,36380.88
2020,3,United States,LA,42751.098
2020,3,United States,MA,47231.52
2020,3,United States,MD,241500.44
2020,3,United States,ME,7753.2
2020,3,United States,MI,55899.742
2020,3,United States,MN,86127.18
2020,3,United States,MO,259989.14
2020,3,United States,MS,1558671.9
2020,3,United States,MT,18884.11
2020,3,United States,NC,171121.4
2020,3,United States,ND,11668.1
2020,3,United States,NE,15164.7
2020,3,United States,NH,1744.8999
2020,3,United States,NJ,124596.04
2020,3,United States,NM,395714.1
2020,3,United States,NV,576453.2
2020,3,United States,NY,110338.22
2020,3,United States,OH,215710.31
2020,3,United States,OK,46178.82
2020,3,United States,OR,56265.38
2020,3,United States,PA,852290.0
2020,3,United States,RI,1404.6
2020,3,United States,SC,136740.11
2020,3,United States,SD,13539.05
2020,3,United States,TN,3367673.8
2020,3,United States,TX,4184470.2
2020,3,United States,UT,87157.4
2020,3,United States,VA,382332.12
2020,3,United States,VT,4862.4
2020,3,United States,WA,625026.8
2020,3,United States,WI,1435482.1
2020,3,United States,WV,154267.98
2020,3,United States,WY,2879.3
2020,4,Canada,AB,2132.79
2020,4,Canada,ON,14733.76
2020,4,Canada,QC,1350.65
2020,4,United States,AL,14446.12
2020,4,United States,AR,8207.1
2020,4,United States,AZ,103971.1
2020,4,United States,CA,221988.22
2020,4,United States,CO,58148.1
2020,4,United States,CT,7080.4
2020,4,United States,FL,43203.2
2020,4,United States,GA,140032.7
2020,4,United States,IA,12059.4
2020,4,United States,ID,6083.9
2020,4,United States,IL,39688.0
2020,4,United States,IN,616524.75
2020,4,United States,KS,137689.19
2020,4,United States,KY,10482.5
2020,4,United States,LA,4408.4
2020,4,United States,MA,8861.99
2020,4,United States,MD,70038.6
2020,4,United States,ME,7397.8
2020,4,United States,MI,34029.8
2020,4,United States,MN,28635.7
2020,4,United States,MO,69667.27
2020,4,United States,MS,712414.94
2020,4,United States,MT,5976.9
2020,4,United States,NC,59549.0
2020,4,United States,ND,7018.9
2020,4,United States,NE,1123.6
2020,4,United States,NH,1516.0
2020,4,United States,NJ,19554.9
2020,4,United States,NM,43408.703
2020,4,United States,NV,238850.14
2020,4,United States,NY,17958.23
2020,4,United States,OH,58481.5
2020,4,United States,OK,6448.9
2020,4,United States,OR,14222.42
2020,4,United States,PA,301114.62
2020,4,United States,SC,35207.16
2020,4,United States,SD,2704.0
2020,4,United States,TN,1527224.6
2020,4,United States,TX,1774356.4
2020,4,United States,UT,43413.41
2020,4,United States,VA,47265.4
2020,4,United States,VT,1426.5
2020,4,United States,WA,194839.1
2020,4,United States,WI,634294.1
2020,4,United States,WV,67475.54
2020,4,United States,WY,1549.2999
2020,5,Canada,AB,3862.74
2020,5,Canada,BC,206.0
2020,5,Canada,ON,10819.47
2020,5,Canada,QC,10205.7
2020,5,United States,AL,15887.83
2020,5,United States,AR,21982.85
2020,5,United States,AZ,384342.5
2020,5,United States,CA,611700.0
2020,5,United States,CO,231165.88
2020,5,United States,CT,41327.1
2020,5,United States,DE,4083.0
2020,5,United States,FL,137348.3
2020,5,United States,GA,496522.62
2020,5,United States,IA,31429.121
2020,5,United States,ID,21718.41
2020,5,United States,IL,89181.36
2020,5,United States,IN,987370.56
2020,5,United States,KS,263228.56
2020,5,United States,KY,15161.96
2020,5,United States,LA,9389.58
2020,5,United States,MA,12049.73
2020,5,United States,MD,272839.34
2020,5,United States,ME,4099.1
2020,5,United States,MI,82161.59
2020,5,United States,MN,64608.62
2020,5,United States,MO,286108.22
2020,5,United States,MS,1338955.0
2020,5,United States,MT,10838.3
2020,5,United States,NC,149303.34
2020,5,United States,ND,10481.76
2020,5,United States,NE,3618.51
2020,5,United States,NH,3048.4
2020,5,United States,NJ,50659.21
2020,5,United States,NM,88261.7
2020,5,United States,NV,282110.3
2020,5,United States,NY,127592.49
2020,5,United States,OH,227504.73
2020,5,United States,OK,22139.63
2020,5,United States,OR,37918.7
2020,5,United States,PA,472682.3
2020,5,United States,RI,56.1
2020,5,United States,SC,81269.25
2020,5,United States,SD,2937.2
2020,5,United States,TN,2583138.0
2020,5,United States,TX,3633630.2
2020,5,United States,UT,45134.29
2020,5,United States,VA,101745.0
2020,5,United States,VT,2807.9001
2020,5,United States,WA,484948.3
2020,5,United States,WI,993820.2
2020,5,United States,WV,63355.63
2020,5,United States,WY,1052.7
2020,6,Canada,AB,14327.84
2020,6,Canada,BC,938.2
2020,6,Canada,ON,45841.59
2020,6,Canada,QC,9681.45
2020,6,United States,AL,33489.9
2020,6,United States,AR,30793.5
2020,6,United States,AZ,446563.6
2020,6,United States,CA,4280028.5
2020,6,United States,CO,269715.88
2020,6,United States,CT,34431.3
2020,6,United States,DC,390.1
2020,6,United States,DE,1689.7
2020,6,United States,FL,320752.06
2020,6,United States,GA,815217.06
2020,6,United States,IA,47539.68
2020,6,United States,ID,26112.7
2020,6,United States,IL,115795.9
2020,6,United States,IN,1488719.5
2020,6,United States,KS,147895.88
2020,6,United States,KY,33550.12
2020,6,United States,LA,25772.7
2020,6,United States,MA,51683.3
2020,6,United States,MD,469402.72
2020,6,United States,ME,7444.4
2020,6,United States,MI,95217.93
2020,6,United States,MN,1074367.0
2020,6,United States,MO,349776.62
2020,6,United States,MS,1736494.6
2020,6,United States,MT,16408.0
2020,6,United States,NC,239496.38
2020,6,United States,ND,11798.2
2020,6,United States,NE,5897.4
2020,6,United States,NH,2313.2
2020,6,United States,NJ,160435.23
2020,6,United States,NM,504488.3
2020,6,United States,NV,428225.53
2020,6,United States,NY,168874.6
2020,6,United States,OH,203001.83
2020,6,United States,OK,43217.62
2020,6,United States,OR,48022.38
2020,6,United States,PA,527692.56
2020,6,United States,RI,6564.6997
2020,6,United States,SC,74577.53
2020,6,United States,SD,2006.0
2020,6,United States,TN,3314387.2
2020,6,United States,TX,4913418.0
2020,6,United States,UT,35148.37
2020,6,United States,VA,419004.25
2020,6,United States,VT,2528.8
2020,6,United States,WA,460131.2
2020,6,United States,WI,1322173.5
2020,6,United States,WV,60253.0
2020,6,United States,WY,2125.1
2020,7,Canada,AB,18983.89
2020,7,Canada,BC,4185.8003
2020,7,Canada,ON,58945.41
2020,7,Canada,QC,3571.8
2020,7,United States,AL,54524.258
2020,7,United States,AR,21822.7
2020,7,United States,AZ,324274.44
2020,7,United States,CA,7431493.5
2020,7,United States,CO,323539.7
2020,7,United States,CT,8403.3
2020,7,United States,DC,377.0
2020,7,United States,DE,433.90002
2020,7,United States,FL,274941.16
2020,7,United States,GA,799834.75
2020,7,United States,IA,38484.2
2020,7,United States,ID,22210.1
2020,7,United States,IL,129576.3
2020,7,United States,IN,1927976.1
2020,7,United States,KS,130461.95
2020,7,United States,KY,39412.7
2020,7,United States,LA,19946.799
2020,7,United States,MA,62763.59
2020,7,United States,MD,559585.75
2020,7,United States,ME,7429.92
2020,7,United States,MI,154070.31
2020,7,United States,MN,547882.25
2020,7,United States,MO,371893.2
2020,7,United States,MS,1986458.4
2020,7,United States,MT,18622.7
2020,7,United States,NC,327487.2
2020,7,United States,ND,16765.9
2020,7,United States,NE,25013.7
2020,7,United States,NH,7901.1
2020,7,United States,NJ,543626.2
2020,7,United States,NM,680723.44
2020,7,United States,NV,42042.37
2020,7,United States,NY,153619.1
2020,7,United States,OH,211386.77
2020,7,United States,OK,12615.4
2020,7,United States,OR,53807.9
2020,7,United States,PA,387305.56
2020,7,United States,RI,597.6
2020,7,United States,SC,71244.36
2020,7,United States,SD,24452.0
2020,7,United States,TN,3703252.5
2020,7,United States,TX,5487958.5
2020,7,United States,UT,59247.598
2020,7,United States,VA,698384.56
2020,7,United States,VT,3802.0
2020,7,United States,WA,399971.38
2020,7,United States,WI,1131392.1
2020,7,United States,WV,59056.0
2020,7,United States,WY,1703.2999
2020,8,Canada,AB,41026.12
2020,8,Canada,BC,7763.0
2020,8,Canada,ON,76526.33
2020,8,Canada,QC,8312.101
2020,8,United States,AL,31691.299
2020,8,United States,AR,14258.7
2020,8,United States,AZ,219455.3
2020,8,United States,CA,7288323.5
2020,8,United States,CO,247969.92
2020,8,United States,CT,3698.4
2020,8,United States,DC,243.3
2020,8,United States,DE,3276.7998
2020,8,United States,FL,343463.22
2020,8,United States,GA,756590.75
2020,8,United States,IA,22463.701
2020,8,United States,ID,17137.5
2020,8,United States,IL,112998.5
2020,8,United States,IN,2133146.5
2020,8,United States,KS,67869.4
2020,8,United States,KY,31846.3
2020,8,United States,LA,24609.6
2020,8,United States,MA,60787.3
2020,8,United States,MD,541093.4
2020,8,United States,ME,11527.7
2020,8,United States,MI,71939.8
2020,8,United States,MN,58485.5
2020,8,United States,MO,250590.6
2020,8,United States,MS,1597015.8
2020,8,United States,MT,14243.2
2020,8,United States,NC,170893.5
2020,8,United States,ND,13989.0
2020,8,United States,NE,8976.6
2020,8,United States,NH,3369.3
2020,8,United States,NJ,247060.2
2020,8,United States,NM,466968.8
2020,8,United States,NV,40791.7
2020,8,United States,NY,171413.8
2020,8,United States,OH,139917.2
2020,8,United States,OK,11873.6
2020,8,United States,OR,52111.5
2020,8,United States,PA,332154.9
2020,8,United States,RI,1340.0
2020,8,United States,SC,51611.0
2020,8,United States,SD,6880.4
2020,8,United States,TN,4115001.8
2020,8,United States,TX,5761579.5
2020,8,United States,UT,65514.4
2020,8,United States,VA,513179.9
2020,8,United States,VT,12758.4
2020,8,United States,WA,233882.64
2020,8,United States,WI,1197154.2
2020,8,United States,WV,16537.1
2020,8,United States,WY,2729.0
2020,9,Canada,AB,29901.05
2020,9,Canada,BC,9934.8
2020,9,Canada,ON,81260.12
2020,9,Canada,QC,10869.47
2020,9,United States,AK,3488.3
2020,9,United States,AL,32263.9
2020,9,United States,AR,24039.95
2020,9,United States,AZ,322689.97
2020,9,United States,CA,7951756.0
2020,9,United States,CO,333650.8
2020,9,United States,CT,4136.1
2020,9,United States,DC,234.1
2020,9,United States,DE,407.8
2020,9,United States,FL,268476.94
2020,9,United States,GA,796758.3
2020,9,United States,IA,18420.1
2020,9,United States,ID,16207.8
2020,9,United States,IL,87264.29
2020,9,United States,IN,1950553.4
2020,9,United States,KS,55606.79
2020,9,United States,KY,37030.0
2020,9,United States,LA,22256.2
2020,9,United States,MA,50471.6
2020,9,United States,MD,535375.94
2020,9,United States,ME,9018.7
2020,9,United States,MI,70290.22
2020,9,United States,MN,89855.1
2020,9,United States,MO,399489.06
2020,9,United States,MS,1911813.1
2020,9,United States,MT,11331.6
2020,9,United States,NC,188655.4
2020,9,United States,ND,8713.3
2020,9,United States,NE,12352.9
2020,9,United States,NH,5760.4
2020,9,United States,NJ,133552.5
2020,9,United States,NM,467253.62
2020,9,United States,NV,19444.14
2020,9,United States,NY,141846.8
2020,9,United States,OH,91504.14
2020,9,United States,OK,27185.7
2020,9,United States,OR,80266.2
2020,9,United States,PA,718228.8
2020,9,United States,RI,184.8
2020,9,United States,SC,67573.6
2020,9,United States,SD,4152.6
2020,9,United States,TN,3940528.2
2020,9,United States,TX,5308098.0
2020,9,United States,UT,45347.3
2020,9,United States,VA,498486.97
2020,9,United States,VT,6300.0
2020,9,United States,WA,313436.84
2020,9,United States,WI,1166851.0
2020,9,United States,WV,49290.7
2020,9,United States,WY,3251.4
2020,10,Canada,AB,17369.14
2020,10,Canada,BC,14538.101
2020,10,Canada,ON,44199.23
2020,10,Canada,QC,272564.28
2020,10,United States,AK,3527.0
2020,10,United States,AL,38631.3
2020,10,United States,AR,13180.8
2020,10,United States,AZ,216205.31
2020,10,United States,CA,7573349.0
2020,10,United States,CO,336913.8
2020,10,United States,CT,2469.5
2020,10,United States,DC,144.4
2020,10,United States,DE,326.6
2020,10,United States,FL,201187.36
2020,10,United States,GA,907291.94
2020,10,United States,IA,30589.201
2020,10,United States,ID,15091.3
2020,10,United States,IL,101138.66
2020,10,United States,IN,1856130.5
2020,10,United States,KS,64536.8
2020,10,United States,KY,43248.6
2020,10,United States,LA,12427.3
2020,10,United States,MA,8504.6
2020,10,United States,MD,313191.38
2020,10,United States,ME,1255.7
2020,10,United States,MI,98477.13
2020,10,United States,MN,52619.0
2020,10,United States,MO,253573.69
2020,10,United States,MS,1432132.6
2020,10,United States,MT,11038.0
2020,10,United States,NC,124288.4
2020,10,United States,ND,17254.92
2020,10,United States,NE,6212.1997
2020,10,United States,NH,1266.2
2020,10,United States,NJ,39601.7
2020,10,United States,NM,667755.9
2020,10,United States,NV,29667.2
2020,10,United States,NY,106865.0
2020,10,United States,OH,138689.19
2020,10,United States,OK,9803.6
2020,10,United States,OR,56368.4
2020,10,United States,PA,3640987.0
2020,10,United States,SC,49325.7
2020,10,United States,SD,4211.4
2020,10,United States,TN,4076343.0
2020,10,United States,TX,5506829.0
2020,10,United States,UT,57453.098
2020,10,United States,VA,501613.72
2020,10,United States,VT,7551.2
2020,10,United States,WA,271870.56
2020,10,United States,WI,1401814.0
2020,10,United States,WV,72567.02
2020,10,United States,WY,4483.6
2020,11,Canada,AB,21853.15
2020,11,Canada,BC,21599.6
2020,11,Canada,ON,51356.15
2020,11,Canada,QC,68747.0
2020,11,United States,AL,27464.68
2020,11,United States,AR,20515.4
2020,11,United States,AZ,180317.5
2020,11,United States,CA,8007748.5
2020,11,United States,CO,214144.94
2020,11,United States,CT,112.0
2020,11,United States,DC,360.1
2020,11,United States,DE,1144.2999
2020,11,United States,FL,171352.7
2020,11,United States,GA,943282.5
2020,11,United States,IA,24747.201
2020,11,United States,ID,13292.2
2020,11,United States,IL,68839.79
2020,11,United States,IN,1604869.9
2020,11,United States,KS,67000.3
2020,11,United States,KY,28695.01
2020,11,United States,LA,25081.6
2020,11,United States,MA,10188.01
2020,11,United States,MD,249360.28
2020,11,United States,MI,70610.25
2020,11,United States,MN,65947.26
2020,11,United States,MO,228739.9
2020,11,United States,MS,1040970.8
2020,11,United States,MT,11541.05
2020,11,United States,NC,114904.4
2020,11,United States,ND,15633.2
2020,11,United States,NE,7454.4
2020,11,United States,NH,6354.2
2020,11,United States,NJ,69999.1
2020,11,United States,NM,478690.1
2020,11,United States,NV,27197.74
2020,11,United States,NY,78594.81
2020,11,United States,OH,144244.9
2020,11,United States,OK,15138.13
2020,11,United States,OR,69977.0
2020,11,United States,PA,3775633.2
2020,11,United States,SC,31883.6
2020,11,United States,SD,7096.6997
2020,11,United States,TN,3851004.2
2020,11,United States,TX,4140551.8
2020,11,United States,UT,26536.5
2020,11,United States,VA,388085.8
2020,11,United States,VT,8784.3
2020,11,United States,WA,222345.72
2020,11,United States,WI,1111826.8
2020,11,United States,WV,12288.9
2020,11,United States,WY,1698.1
2020,12,Canada,AB,25556.11
2020,12,Canada,BC,17086.6
2020,12,Canada,ON,58977.8
2020,12,Canada,QC,49844.1
2020,12,United States,AK,2271.7
2020,12,United States,AL,29325.23
2020,12,United States,AR,32079.201
2020,12,United States,AZ,343115.62
2020,12,United States,CA,8710731.0
2020,12,United States,CO,254988.5
2020,12,United States,CT,3377.5
2020,12,United States,DC,280.2
2020,12,United States,DE,1813.2
2020,12,United States,FL,195704.7
2020,12,United States,GA,780463.2
2020,12,United States,IA,19706.2
2020,12,United States,ID,16698.5
2020,12,United States,IL,68315.3
2020,12,United States,IN,2064296.8
2020,12,United States,KS,47896.1
2020,12,United States,KY,28195.84
2020,12,United States,LA,27296.5
2020,12,United States,MA,12142.4
2020,12,United States,MD,397687.62
2020,12,United States,ME,1008.0
2020,12,United States,MI,50514.8
2020,12,United States,MN,49132.55
2020,12,United States,MO,238745.78
2020,12,United States,MS,824674.56
2020,12,United States,MT,15522.4
2020,12,United States,NC,117254.1
2020,12,United States,ND,12671.399
2020,12,United States,NE,4640.0
2020,12,United States,NH,2700.5999
2020,12,United States,NJ,52630.33
2020,12,United States,NM,398557.3
2020,12,United States,NV,20207.17
2020,12,United States,NY,97370.4
2020,12,United States,OH,87549.2
2020,12,United States,OK,12072.5
2020,12,United States,OR,41476.4
2020,12,United States,PA,3887488.0
2020,12,United States,RI,71.3
2020,12,United States,SC,34902.11
2020,12,United States,SD,6112.2
2020,12,United States,TN,3891359.2
2020,12,United States,TX,4587947.0
2020,12,United States,UT,32901.0
2020,12,United States,VA,443129.56
2020,12,United States,VT,4282.4
2020,12,United States,WA,167628.62
2020,12,United States,WI,898589.9
2020,12,United States,WV,15242.3
2020,12,United States,WY,2739.2
2021,1,Canada,AB,41176.38
2021,1,Canada,BC,8850.5
2021,1,Canada,ON,112557.38
2021,1,Canada,QC,55098.0
2021,1,United States,AK,3675.9
2021,1,United States,AL,39123.902
2021,1,United States,AR,25459.2
2021,1,United States,AZ,157783.81
2021,1,United States,CA,6874514.0
2021,1,United States,CO,202307.22
2021,1,United States,CT,7029.6
2021,1,United States,DC,411.7
2021,1,United States,DE,2695.9
2021,1,United States,FL,223602.1
2021,1,United States,GA,1218058.2
2021,1,United States,IA,30385.3
2021,1,United States,ID,20404.5
2021,1,United States,IL,90911.2
2021,1,United States,IN,1708039.1
2021,1,United States,KS,43185.6
2021,1,United States,KY,26746.0
2021,1,United States,LA,24701.2
2021,1,United States,MA,48116.0
2021,1,United States,MD,273987.38
2021,1,United States,ME,3031.9001
2021,1,United States,MI,76473.2
2021,1,United States,MN,121146.0
2021,1,United States,MO,210315.6
2021,1,United States,MS,1615709.0
2021,1,United States,MT,21213.8
2021,1,United States,NC,121069.6
2021,1,United States,ND,11585.2
2021,1,United States,NE,6355.4004
2021,1,United States,NH,2040.2999
2021,1,United States,NJ,182515.0
2021,1,United States,NM,322340.4
2021,1,United States,NV,22084.23
2021,1,United States,NY,99246.5
2021,1,United States,OH,163000.8
2021,1,United States,OK,9206.3
2021,1,United States,OR,62518.52
2021,1,United States,PA,4223046.5
2021,1,United States,RI,715.3
2021,1,United States,SC,53123.1
2021,1,United States,SD,5026.1
2021,1,United States,TN,3570130.0
2021,1,United States,TX,4780237.0
2021,1,United States,UT,43733.7
2021,1,United States,VA,433788.75
2021,1,United States,VT,4207.0
2021,1,United States,WA,172921.31
2021,1,United States,WI,501526.38
2021,1,United States,WV,14476.3
2021,1,United States,WY,1059.7
2021,2,Canada,AB,44436.22
2021,2,Canada,BC,9908.45
2021,2,Canada,MB,1359.7
2021,2,Canada,NS,1119.3
2021,2,Canada,ON,72913.47
2021,2,Canada,QC,72237.9
2021,2,United States,AK,7055.9
2021,2,United States,AL,22339.0
2021,2,United States,AR,21737.7
2021,2,United States,AZ,179340.81
2021,2,United States,CA,6463298.5
2021,2,United States,CO,227747.03
2021,2,United States,CT,7703.65
2021,2,United States,DC,198.6
2021,2,United States,DE,2401.0999
2021,2,United States,FL,221096.12
2021,2,United States,GA,987084.0
2021,2,United States,IA,26719.7
2021,2,United States,ID,10403.0
2021,2,United States,IL,154201.7
2021,2,United States,IN,1469606.8
2021,2,United States,KS,57230.4
2021,2,United States,KY,23495.2
2021,2,United States,LA,18545.0
2021,2,United States,MA,34860.1
2021,2,United States,MD,301716.25
2021,2,United States,ME,3961.3
2021,2,United States,MI,65211.5
2021,2,United States,MN,59895.43
2021,2,United States,MO,215906.7
2021,2,United States,MS,679982.8
2021,2,United States,MT,14142.9
2021,2,United States,NC,124607.49
2021,2,United States,ND,15460.0
2021,2,United States,NE,7631.1
2021,2,United States,NH,4677.8
2021,2,United States,NJ,128564.0
2021,2,United States,NM,306279.9
2021,2,United States,NV,17069.6
2021,2,United States,NY,107640.01
2021,2,United States,OH,195834.8
2021,2,United States,OK,6157.1
2021,2,United States,OR,37191.04
2021,2,United States,PA,2936340.0
2021,2,United States,RI,1388.9
2021,2,United States,SC,58458.4
2021,2,United States,SD,6211.2
2021,2,United States,TN,2810437.5
2021,2,United States,TX,3146286.0
2021,2,United States,UT,60426.5
2021,2,United States,VA,331743.38
2021,2,United States,VT,4381.6
2021,2,United States,WA,140683.3
2021,2,United States,WI,905212.2
2021,2,United States,WV,13546.7
2021,2,United States,WY,2543.3
2021,3,Canada,AB,44755.64
2021,3,Canada,BC,19538.9
2021,3,Canada,MB,2434.2
2021,3,Canada,ON,85595.6
2021,3,Canada,QC,67790.98
2021,3,United States,AK,3533.8
2021,3,United States,AL,38561.1
2021,3,United States,AR,33988.742
2021,3,United States,AZ,179332.77
2021,3,United States,CA,7562541.5
2021,3,United States,CO,275208.9
2021,3,United States,CT,4864.3
2021,3,United States,DC,274.5
2021,3,United States,DE,3412.8
2021,3,United States,FL,284161.7
2021,3,United States,GA,1231845.9
2021,3,United States,IA,35734.2
2021,3,United States,ID,20823.26
2021,3,United States,IL,223601.08
2021,3,United States,IN,1908250.1
2021,3,United States,KS,73584.8
2021,3,United States,KY,32531.31
2021,3,United States,LA,29084.8
2021,3,United States,MA,46668.5
2021,3,United States,MD,392563.7
2021,3,United States,ME,12476.1
2021,3,United States,MI,84414.9
2021,3,United States,MN,93562.61
2021,3,United States,MO,253135.6
2021,3,United States,MS,1075776.8
2021,3,United States,MT,37899.54
2021,3,United States,NC,143227.3
2021,3,United States,ND,19317.9
2021,3,United States,NE,11580.9
2021,3,United States,NH,1854.3999
2021,3,United States,NJ,237247.78
2021,3,United States,NM,372609.1
2021,3,United States,NV,29951.2
2021,3,United States,NY,116329.42
2021,3,United States,OH,246979.2
2021,3,United States,OK,12587.6
2021,3,United States,OR,50629.2
2021,3,United States,PA,4078155.0
2021,3,United States,PR,1273.72
2021,3,United States,RI,824.3
2021,3,United States,SC,63294.6
2021,3,United States,SD,8786.1
2021,3,United States,TN,4201989.5
2021,3,United States,TX,4612201.5
2021,3,United States,UT,59466.6
2021,3,United States,VA,355524.0
2021,3,United States,VT,7232.2
2021,3,United States,WA,173721.7
2021,3,United States,WI,1346397.6
2021,3,United States,WV,20771.2
2021,3,United States,WY,6169.3
2021,4,Canada,AB,40679.78
2021,4,Canada,BC,10733.0
2021,4,Canada,ON,72126.56
2021,4,Canada,QC,117919.28
2021,4,United States,AK,3532.8
2021,4,United States,AL,38879.81
2021,4,United States,AR,31462.84
2021,4,United States,AZ,233231.77
2021,4,United States,CA,7480393.0
2021,4,United States,CO,333022.75
2021,4,United States,CT,17557.29
2021,4,United States,DC,325.65
2021,4,United States,DE,2883.63
2021,4,United States,FL,346764.53
2021,4,United States,GA,1223582.9
2021,4,United States,IA,22738.55
2021,4,United States,ID,17721.97
2021,4,United States,IL,169759.94
2021,4,United States,IN,975468.1
2021,4,United States,KS,114608.82
2021,4,United States,KY,23915.48
2021,4,United States,LA,25516.25
2021,4,United States,MA,47281.11
2021,4,United States,MD,451971.12
2021,4,United States,ME,3988.6602
2021,4,United States,MI,63835.668
2021,4,United States,MN,67576.2
2021,4,United States,MO,232707.92
2021,4,United States,MS,1093805.2
2021,4,United States,MT,30199.8
2021,4,United States,NC,116331.8
2021,4,United States,ND,15063.92
2021,4,United States,NE,5797.53
2021,4,United States,NH,6898.37
2021,4,United States,NJ,204996.06
2021,4,United States,NM,386154.03
2021,4,United States,NV,23613.02
2021,4,United States,NY,139814.03
2021,4,United States,OH,580337.9
2021,4,United States,OK,8539.13
2021,4,United States,OR,38431.36
2021,4,United States,PA,2517390.0
2021,4,United States,PR,1229.17
2021,4,United States,RI,1542.5199
2021,4,United States,SC,49291.47
2021,4,United States,SD,3188.23
2021,4,United States,TN,3702460.8
2021,4,United States,TX,5261486.0
2021,4,United States,UT,154327.52
2021,4,United States,VA,317252.12
2021,4,United States,VT,3912.57
2021,4,United States,WA,211054.72
2021,4,United States,WI,1080638.2
2021,4,United States,WV,14251.61
2021,4,United States,WY,3486.0999
2021,5,Canada,AB,31421.35
2021,5,Canada,BC,9986.45
2021,5,Canada,ON,35970.92
2021,5,Canada,QC,133212.02
2021,5,United States,AK,3488.3
2021,5,United States,AL,32986.1
2021,5,United States,AR,21602.71
2021,5,United States,AZ,355526.88
2021,5,United States,CA,7620950.5
2021,5,United States,CO,279560.03
2021,5,United States,CT,9795.28
2021,5,United States,DC,355.19998
2021,5,United States,DE,2718.28
2021,5,United States,FL,322752.7
2021,5,United States,GA,1103421.8
2021,5,United States,IA,21621.9
2021,5,United States,ID,12451.811
2021,5,United States,IL,241207.83
2021,5,United States,IN,799520.7
2021,5,United States,KS,98127.98
2021,5,United States,KY,18733.79
2021,5,United States,LA,18140.44
2021,5,United States,MA,39666.19
2021,5,United States,MD,399816.34
2021,5,United States,ME,9585.13
2021,5,United States,MI,83830.9
2021,5,United States,MN,45556.39
2021,5,United States,MO,229393.52
2021,5,United States,MS,1252174.6
2021,5,United States,MT,23587.33
2021,5,United States,NC,105962.17
2021,5,United States,ND,8865.9
2021,5,United States,NE,7643.14
2021,5,United States,NH,276.8
2021,5,United States,NJ,145344.45
2021,5,United States,NM,398874.56
2021,5,United States,NV,23034.51
2021,5,United States,NY,150997.19
2021,5,United States,OH,379736.7
2021,5,United States,OK,6186.3
2021,5,United States,OR,32389.97
2021,5,United States,PA,1825700.9
2021,5,United States,RI,41.9
2021,5,United States,SC,34697.6
2021,5,United States,SD,3042.5
2021,5,United States,TN,3258165.8
2021,5,United States,TX,5572593.5
2021,5,United States,UT,247228.64
2021,5,United States,VA,358748.0
2021,5,United States,VT,5289.37
2021,5,United States,WA,173001.92
2021,5,United States,WI,1066593.5
2021,5,United States,WV,11942.69
2021,5,United States,WY,1645.6
2021,6,Canada,AB,31861.43
2021,6,Canada,BC,15904.601
2021,6,Canada,MB,701.76
2021,6,Canada,ON,41792.1
2021,6,Canada,QC,204378.1
2021,6,United States,AK,6813.9004
2021,6,United States,AL,24017.9
2021,6,United States,AR,22379.4
2021,6,United States,AZ,444379.8
2021,6,United States,CA,7935336.0
2021,6,United States,CO,316923.3
2021,6,United States,CT,4827.9
2021,6,United States,DC,379.6
2021,6,United States,DE,683.4
2021,6,United States,FL,281249.3
2021,6,United States,GA,1279897.0
2021,6,United States,IA,17829.8
2021,6,United States,ID,10519.3
2021,6,United States,IL,222028.7
2021,6,United States,IN,937657.8
2021,6,United States,KS,97245.8
2021,6,United States,KY,19099.6
2021,6,United States,LA,18551.1
2021,6,United States,MA,31736.7
2021,6,United States,MD,493470.8
2021,6,United States,ME,13697.3
2021,6,United States,MI,69536.1
2021,6,United States,MN,50832.1
2021,6,United States,MO,338841.5
2021,6,United States,MS,1335219.6
2021,6,United States,MT,19236.12
2021,6,United States,NC,100167.0
2021,6,United States,ND,7489.05
2021,6,United States,NE,2906.8
2021,6,United States,NH,1549.3999
2021,6,United States,NJ,133291.9
2021,6,United States,NM,429899.8
2021,6,United States,NV,19474.1
2021,6,United States,NY,171168.03
2021,6,United States,OH,351361.3
2021,6,United States,OK,8045.7
2021,6,United States,OR,39329.8
2021,6,United States,PA,1803413.1
2021,6,United States,RI,2863.0
2021,6,United States,SC,127761.6
2021,6,United States,SD,2967.0
2021,6,United States,TN,3455298.5
2021,6,United States,TX,5498537.0
2021,6,United States,UT,236203.3
2021,6,United States,VA,414020.97
2021,6,United States,VT,3211.9001
2021,6,United States,WA,253113.7
2021,6,United States,WI,1433783.4
2021,6,United States,WV,13068.6
2021,6,United States,WY,382.7
2021,7,Canada,AB,27321.07
2021,7,Canada,BC,10094.601
2021,7,Canada,ON,50266.742
2021,7,Canada,QC,261620.7
2021,7,United States,AK,6813.9004
2021,7,United States,AL,25628.4
2021,7,United States,AR,23969.8
2021,7,United States,AZ,377184.3
2021,7,United States,CA,7193599.0
2021,7,United States,CO,310750.0
2021,7,United States,CT,5745.1
2021,7,United States,DC,305.1
2021,7,United States,DE,1322.0
2021,7,United States,FL,399225.5
2021,7,United States,GA,1419528.5
2021,7,United States,IA,28094.6
2021,7,United States,ID,10101.3
2021,7,United States,IL,180902.8
2021,7,United States,IN,1243614.2
2021,7,United States,KS,94366.9
2021,7,United States,KY,19407.2
2021,7,United States,LA,20396.2
2021,7,United States,MA,39394.56
2021,7,United States,MD,425126.6
2021,7,United States,ME,12804.5
2021,7,United States,MI,51954.4
2021,7,United States,MN,98225.3
2021,7,United States,MO,315357.7
2021,7,United States,MS,1306455.4
2021,7,United States,MT,11068.7
2021,7,United States,NC,116349.8
2021,7,United States,ND,12271.4
2021,7,United States,NE,8157.0
2021,7,United States,NH,1881.1
2021,7,United States,NJ,912005.9
2021,7,United States,NM,312929.2
2021,7,United States,NV,37317.9
2021,7,United States,NY,106503.6
2021,7,United States,OH,320420.1
2021,7,United States,OK,4427.0
2021,7,United States,OR,41387.5
2021,7,United States,PA,1508093.2
2021,7,United States,RI,254.3
2021,7,United States,SC,153541.0
2021,7,United States,SD,5158.2
2021,7,United States,TN,3687140.5
2021,7,United States,TX,5524251.0
2021,7,United States,UT,234236.0
2021,7,United States,VA,384875.1
2021,7,United States,VT,2889.6
2021,7,United States,WA,241991.7
2021,7,United States,WI,1201474.9
2021,7,United States,WV,12125.9
2021,7,United States,WY,2074.8
2021,8,Canada,AB,33762.26
2021,8,Canada,BC,18265.5
2021,8,Canada,ON,65098.26
2021,8,Canada,QC,207734.0
2021,8,United States,AK,3501.2
2021,8,United States,AL,24202.5
2021,8,United States,AR,26604.9
2021,8,United States,AZ,354681.78
2021,8,United States,CA,7564519.0
2021,8,United States,CO,436325.1
2021,8,United States,CT,2445.0
2021,8,United States,DC,192.0
2021,8,United States,DE,3297.9
2021,8,United States,FL,388495.6
2021,8,United States,GA,1333318.0
2021,8,United States,IA,24491.0
2021,8,United States,ID,26847.4
2021,8,United States,IL,217084.8
2021,8,United States,IN,2655999.2
2021,8,United States,KS,74691.7
2021,8,United States,KY,24460.3
2021,8,United States,LA,16334.9
2021,8,United States,MA,35635.57
2021,8,United States,MD,371758.0
2021,8,United States,ME,6122.2
2021,8,United States,MI,72711.1
2021,8,United States,MN,112189.74
2021,8,United States,MO,370396.1
2021,8,United States,MS,1665718.9
2021,8,United States,MT,6272.8
2021,8,United States,NC,129517.7
2021,8,United States,ND,8415.4
2021,8,United States,NE,4488.3
2021,8,United States,NH,74.4
2021,8,United States,NJ,3041241.5
2021,8,United States,NM,648563.1
2021,8,United States,NV,28681.299
2021,8,United States,NY,116017.2
2021,8,United States,OH,259297.9
2021,8,United States,OK,4304.1
2021,8,United States,OR,52580.43
2021,8,United States,PA,1492878.9
2021,8,United States,RI,3223.1
2021,8,United States,SC,438217.4
2021,8,United States,SD,4934.9
2021,8,United States,TN,4031466.0
2021,8,United States,TX,6701042.5
2021,8,United States,UT,201967.0
2021,8,United States,VA,518189.1
2021,8,United States,VT,6296.3003
2021,8,United States,WA,227569.5
2021,8,United States,WI,1151884.2
2021,8,United States,WV,17714.5
2021,8,United States,WY,2906.7
2021,9,Canada,AB,39589.64
2021,9,Canada,BC,20216.701
2021,9,Canada,ON,66226.77
2021,9,Canada,QC,225089.6
2021,9,United States,AK,3501.2
2021,9,United States,AL,33624.9
2021,9,United States,AR,36110.37
2021,9,United States,AZ,486236.4
2021,9,United States,CA,8566136.0
2021,9,United States,CO,401706.6
2021,9,United States,CT,7859.5
2021,9,United States,DC,31.8
2021,9,United States,DE,850.9
2021,9,United States,FL,342495.0
2021,9,United States,GA,1148070.9
2021,9,United States,IA,27003.65
2021,9,United States,ID,19245.7
2021,9,United States,IL,208295.5
2021,9,United States,IN,2615956.2
2021,9,United States,KS,88368.7
2021,9,United States,KY,24595.3
2021,9,United States,LA,22156.6
2021,9,United States,MA,58455.082
2021,9,United States,MD,473223.4
2021,9,United States,ME,6453.9
2021,9,United States,MI,72739.5
2021,9,United States,MN,130192.26
2021,9,United States,MO,359019.4
2021,9,United States,MS,1919395.1
2021,9,United States,MT,12951.7
2021,9,United States,NC,131945.9
2021,9,United States,ND,12721.5
2021,9,United States,NE,6907.5
2021,9,United States,NH,2847.5
2021,9,United States,NJ,2592723.0
2021,9,United States,NM,487148.6
2021,9,United States,NV,23524.9
2021,9,United States,NY,115950.11
2021,9,United States,OH,268217.6
2021,9,United States,OK,9803.8
2021,9,United States,OR,43436.8
2021,9,United States,PA,1633551.5
2021,9,United States,RI,114.0
2021,9,United States,SC,519602.9
2021,9,United States,SD,10499.8
2021,9,United States,TN,3742119.0
2021,9,United States,TX,6033559.0
2021,9,United States,UT,221986.9
2021,9,United States,VA,443405.6
2021,9,United States,VT,8838.801
2021,9,United States,WA,272609.7
2021,9,United States,WI,1495653.9
2021,9,United States,WV,11580.4
2021,9,United States,WY,3182.0999
2021,10,Canada,AB,38926.67
2021,10,Canada,BC,15985.7
2021,10,Canada,ON,78561.26
2021,10,Canada,QC,314337.8
2021,10,United States,AK,3537.2
2021,10,United States,AL,37511.6
2021,10,United States,AR,42168.67
2021,10,United States,AZ,446914.56
2021,10,United States,CA,9433494.0
2021,10,United States,CO,492980.3
2021,10,United States,CT,12526.1
2021,10,United States,DC,366.5
2021,10,United States,DE,2212.2
2021,10,United States,FL,415505.06
2021,10,United States,GA,1267805.0
2021,10,United States,IA,32394.602
2021,10,United States,ID,24887.7
2021,10,United States,IL,172825.7
2021,10,United States,IN,2630977.2
2021,10,United States,KS,112774.1
2021,10,United States,KY,27122.7
2021,10,United States,LA,24493.8
2021,10,United States,MA,53290.21
2021,10,United States,MD,460734.5
2021,10,United States,ME,9254.9
2021,10,United States,MI,70788.4
2021,10,United States,MN,139289.52
2021,10,United States,MO,413616.1
2021,10,United States,MS,1651329.4
2021,10,United States,MT,17970.71
2021,10,United States,NC,105977.76
2021,10,United States,ND,17851.2
2021,10,United States,NE,10971.2
2021,10,United States,NH,3055.0
2021,10,United States,NJ,2538991.2
2021,10,United States,NM,568308.8
2021,10,United States,NV,43836.0
2021,10,United States,NY,110492.7
2021,10,United States,OH,330770.1
2021,10,United States,OK,16771.2
2021,10,United States,OR,53279.2
2021,10,United States,PA,1462787.1
2021,10,United States,RI,201.7
2021,10,United States,SC,532672.4
2021,10,United States,SD,11105.8
2021,10,United States,TN,3813459.0
2021,10,United States,TX,5563051.0
2021,10,United States,UT,340322.9
2021,10,United States,VA,444104.7
2021,10,United States,VT,10788.101
2021,10,United States,WA,210878.5
2021,10,United States,WI,1266676.1
2021,10,United States,WV,14680.7
2021,10,United States,WY,924.9
2021,11,Canada,AB,37208.82
2021,11,Canada,BC,14321.9
2021,11,Canada,ON,82037.97
2021,11,Canada,QC,263094.2
2021,11,United States,AL,24492.9
2021,11,United States,AR,33267.84
2021,11,United States,AZ,388017.8
2021,11,United States,CA,8693282.0
2021,11,United States,CO,442874.7
2021,11,United States,CT,13477.6
2021,11,United States,DC,207.0
2021,11,United States,DE,183.0
2021,11,United States,FL,334606.8
2021,11,United States,GA,1272760.2
2021,11,United States,IA,27927.201
2021,11,United States,ID,24548.4
2021,11,United States,IL,179890.8
2021,11,United States,IN,2252121.5
2021,11,United States,KS,95636.06
2021,11,United States,KY,19432.4
2021,11,United States,LA,21792.3
2021,11,United States,MA,37283.11
2021,11,United States,MD,395954.6
2021,11,United States,ME,4533.4
2021,11,United States,MI,65766.5
2021,11,United States,MN,105472.5
2021,11,United States,MO,383805.8
2021,11,United States,MS,922049.25
2021,11,United States,MT,14785.12
2021,11,United States,NC,121749.36
2021,11,United States,ND,18153.15
2021,11,United States,NE,4945.9
2021,11,United States,NH,2719.0
2021,11,United States,NJ,2293479.8
2021,11,United States,NM,706023.7
2021,11,United States,NV,45063.0
2021,11,United States,NY,107346.21
2021,11,United States,OH,295688.8
2021,11,United States,OK,11361.16
2021,11,United States,OR,42135.0
2021,11,United States,PA,1578545.4
2021,11,United States,RI,210.6
2021,11,United States,SC,491127.5
2021,11,United States,SD,7339.9
2021,11,United States,TN,3184896.5
2021,11,United States,TX,4254521.5
2021,11,United States,UT,344299.1
2021,11,United States,VA,535506.9
2021,11,United States,VT,9569.101
2021,11,United States,WA,253332.3
2021,11,United States,WI,1217681.9
2021,11,United States,WV,10703.4
2021,11,United States,WY,2678.9
2021,12,Canada,AB,16545.99
2021,12,Canada,BC,12969.2
2021,12,Canada,ON,54397.71
2021,12,Canada,QC,218984.1
2021,12,United States,AL,19010.6
2021,12,United States,AR,38228.67
2021,12,United States,AZ,332147.28
2021,12,United States,CA,8061056.5
2021,12,United States,CO,340658.2
2021,12,United States,CT,8544.8
2021,12,United States,DC,327.1
2021,12,United States,DE,4818.2
2021,12,United States,FL,272150.3
2021,12,United States,GA,1295205.8
2021,12,United States,IA,25447.0
2021,12,United States,ID,11366.899
2021,12,United States,IL,226618.45
2021,12,United States,IN,1869143.9
2021,12,United States,KS,46542.7
2021,12,United States,KY,11404.0
2021,12,United States,LA,16170.101
2021,12,United States,MA,28018.88
2021,12,United States,MD,341065.8
2021,12,United States,ME,3734.1
2021,12,United States,MI,66163.38
2021,12,United States,MN,78758.5
2021,12,United States,MO,294965.44
2021,12,United States,MS,628789.2
2021,12,United States,MT,5201.2
2021,12,United States,NC,109390.94
2021,12,United States,ND,9555.65
2021,12,United States,NE,4903.0
2021,12,United States,NH,1499.7
2021,12,United States,NJ,1363281.8
2021,12,United States,NM,577252.3
2021,12,United States,NV,24030.2
2021,12,United States,NY,81065.5
2021,12,United States,OH,222828.3
2021,12,United States,OK,10310.4
2021,12,United States,OR,32428.7
2021,12,United States,PA,1424178.5
2021,12,United States,RI,107.399994
2021,12,United States,SC,417323.8
2021,12,United States,SD,4351.7
2021,12,United States,TN,3071478.2
2021,12,United States,TX,3307522.0
2021,12,United States,UT,197796.2
2021,12,United States,VA,456608.78
2021,12,United States,VT,2043.8
2021,12,United States,WA,206715.16
2021,12,United States,WI,1129468.4
2021,12,United States,WV,20625.3
2021,12,United States,WY,2032.3999
2022,1,Canada,AB,27722.73
2022,1,Canada,BC,9420.3
2022,1,Canada,ON,76388.89
2022,1,Canada,QC,139160.2
2022,1,United States,AL,10657.7
2022,1,United States,AR,29223.64
2022,1,United States,AZ,329213.12
2022,1,United States,CA,6611367.5
2022,1,United States,CO,245018.1
2022,1,United States,CT,1640.3
2022,1,United States,DC,239.20001
2022,1,United States,DE,4656.1
2022,1,United States,FL,235022.61
2022,1,United States,GA,1099324.4
2022,1,United States,IA,10859.2
2022,1,United States,ID,6677.1
2022,1,United States,IL,79103.15
2022,1,United States,IN,1434139.1
2022,1,United States,KS,64869.9
2022,1,United States,KY,15686.9
2022,1,United States,LA,19082.8
2022,1,United States,MA,1712.8
2022,1,United States,MD,168522.1
2022,1,United States,ME,1871.6
2022,1,United States,MI,46487.05
2022,1,United States,MN,55349.5
2022,1,United States,MO,269923.25
2022,1,United States,MS,790935.56
2022,1,United States,MT,12345.82
2022,1,United States,NC,116019.95
2022,1,United States,ND,9097.8
2022,1,United States,NE,7659.6
2022,1,United States,NJ,139643.2
2022,1,United States,NM,654145.94
2022,1,United States,NV,24508.7
2022,1,United States,NY,47074.8
2022,1,United States,OH,261329.8
2022,1,United States,OK,11337.899
2022,1,United States,OR,18649.9
2022,1,United States,PA,1641717.9
2022,1,United States,SC,439071.78
2022,1,United States,SD,4938.6
2022,1,United States,TN,2927530.5
2022,1,United States,TX,3910957.0
2022,1,United States,UT,183560.84
2022,1,United States,VA,427536.3
2022,1,United States,WA,197892.36
2022,1,United States,WI,1084896.2
2022,1,United States,WV,9526.4
2022,1,United States,WY,458.3
2022,2,Canada,AB,35053.6
2022,2,Canada,BC,6743.8003
2022,2,Canada,ON,66106.37
2022,2,Canada,QC,139337.2
2022,2,United States,AL,20951.36
2022,2,United States,AR,36542.47
2022,2,United States,AZ,382589.16
2022,2,United States,CA,6735718.0
2022,2,United States,CO,214941.02
2022,2,United States,CT,1674.6
2022,2,United States,DC,31.8
2022,2,United States,DE,5262.4
2022,2,United States,FL,230774.34
2022,2,United States,GA,1191648.2
2022,2,United States,IA,8922.8
2022,2,United States,ID,5498.28
2022,2,United States,IL,137857.0
2022,2,United States,IN,1266746.9
2022,2,United States,KS,58396.5
2022,2,United States,KY,26346.49
2022,2,United States,LA,24752.82
2022,2,United States,MA,3531.8
2022,2,United States,MD,170514.19
2022,2,United States,ME,1698.86
2022,2,United States,MI,53188.6
2022,2,United States,MN,77599.3
2022,2,United States,MO,214935.02
2022,2,United States,MS,794496.4
2022,2,United States,MT,21026.02
2022,2,United States,NC,94254.83
2022,2,United States,ND,7661.6
2022,2,United States,NE,4361.1
2022,2,United States,NJ,1558.1
2022,2,United States,NM,658844.1
2022,2,United States,NV,32169.2
2022,2,United States,NY,32757.81
2022,2,United States,OH,195354.77
2022,2,United States,OK,13216.54
2022,2,United States,OR,30547.4
2022,2,United States,PA,1757294.1
2022,2,United States,SC,570034.3
2022,2,United States,SD,2731.3
2022,2,United States,TN,2511391.8
2022,2,United States,TX,4218167.0
2022,2,United States,UT,233568.67
2022,2,United States,VA,387823.6
2022,2,United States,WA,153158.72
2022,2,United States,WI,1112052.5
2022,2,United States,WV,13923.1
2022,2,United States,WY,389.9
2022,3,Canada,AB,49217.9
2022,3,Canada,BC,6808.4
2022,3,Canada,ON,80762.98
2022,3,Canada,QC,176853.4
2022,3,United States,AL,15937.7
2022,3,United States,AR,39418.78
2022,3,United States,AZ,474927.2
2022,3,United States,CA,7021108.0
2022,3,United States,CO,249930.2
2022,3,United States,DC,204.1
2022,3,United States,DE,5050.1
2022,3,United States,FL,276040.5
2022,3,United States,GA,1546992.1
2022,3,United States,IA,12782.101
2022,3,United States,ID,14316.3
2022,3,United States,IL,151118.1
2022,3,United States,IN,1560810.0
2022,3,United States,KS,39856.5
2022,3,United States,KY,30687.7
2022,3,United States,LA,30861.701
2022,3,United States,MA,1771.1
2022,3,United States,MD,186089.1
2022,3,United States,MI,63197.9
2022,3,United States,MN,92867.5
2022,3,United States,MO,239461.5
2022,3,United States,MS,1041608.1
2022,3,United States,MT,22786.91
2022,3,United States,NC,103734.2
2022,3,United States,ND,7743.1
2022,3,United States,NE,7398.3
2022,3,United States,NJ,533.9
2022,3,United States,NM,586187.9
2022,3,United States,NV,45460.5
2022,3,United States,NY,70884.02
2022,3,United States,OH,328472.8
2022,3,United States,OK,10216.4
2022,3,United States,OR,32367.6
2022,3,United States,PA,1870758.0
2022,3,United States,SC,634113.3
2022,3,United States,SD,9107.7
2022,3,United States,TN,2523769.0
2022,3,United States,TX,4381080.0
2022,3,United States,UT,309527.1
2022,3,United States,VA,479447.1
2022,3,United States,WA,180485.61
2022,3,United States,WI,1494879.9
2022,3,United States,WV,14889.2
2022,3,United States,WY,1626.8999
2022,4,Canada,AB,45693.52
2022,4,Canada,BC,4929.7
2022,4,Canada,ON,68687.83
2022,4,Canada,QC,182005.8
2022,4,United States,AL,17074.8
2022,4,United States,AR,34385.37
2022,4,United States,AZ,356348.03
2022,4,United States,CA,5727487.0
2022,4,United States,CO,173098.1
2022,4,United States,DC,32.7
2022,4,United States,DE,6474.1
2022,4,United States,FL,237719.0
2022,4,United States,GA,1563526.8
2022,4,United States,IA,7171.5
2022,4,United States,ID,7266.1997
2022,4,United States,IL,133779.73
2022,4,United States,IN,1285108.8
2022,4,United States,KS,21808.31
2022,4,United States,KY,17735.9
2022,4,United States,LA,13659.6
2022,4,United States,MD,159213.3
2022,4,United States,MI,58090.5
2022,4,United States,MN,100901.9
2022,4,United States,MO,234056.7
2022,4,United States,MS,9489.1
2022,4,United States,MT,16721.52
2022,4,United States,NC,95302.4
2022,4,United States,ND,11063.9
2022,4,United States,NE,8224.8
2022,4,United States,NJ,1540.2
2022,4,United States,NM,455939.0
2022,4,United States,NV,33805.6
2022,4,United States,NY,36889.1
2022,4,United States,OH,433528.7
2022,4,United States,OK,12199.5
2022,4,United States,OR,25824.2
2022,4,United States,PA,1640278.5
2022,4,United States,SC,667734.6
2022,4,United States,SD,5897.6
2022,4,United States,TN,2140855.2
2022,4,United States,TX,3880176.0
2022,4,United States,UT,299780.0
2022,4,United States,VA,383562.1
2022,4,United States,VT,2951.6
2022,4,United States,WA,132671.4
2022,4,United States,WI,1080922.0
2022,4,United States,WV,14611.8
2022,4,United States,WY,699.0
2022,5,Canada,AB,38663.29
2022,5,Canada,BC,9974.101
2022,5,Canada,ON,80827.92
2022,5,Canada,QC,213518.3
2022,5,United States,AK,3501.2
2022,5,United States,AL,19497.3
2022,5,United States,AR,23041.57
2022,5,United States,AZ,381707.78
2022,5,United States,CA,6232285.0
2022,5,United States,CO,175534.2
2022,5,United States,CT,2141.0
2022,5,United States,DC,284.1
2022,5,United States,DE,8778.9
2022,5,United States,FL,171232.2
2022,5,United States,GA,1561223.0
2022,5,United States,IA,10451.0
2022,5,United States,ID,9208.0
2022,5,United States,IL,143225.1
2022,5,United States,IN,1557254.8
2022,5,United States,KS,48095.8
2022,5,United States,KY,19443.7
2022,5,United States,LA,18058.5
2022,5,United States,MA,3345.6
2022,5,United States,MD,174997.1
2022,5,United States,MI,54661.46
2022,5,United States,MN,79948.5
2022,5,United States,MO,186988.4
2022,5,United States,MS,20283.4
2022,5,United States,MT,20254.81
2022,5,United States,NC,121457.1
2022,5,United States,ND,9506.0
2022,5,United States,NE,4045.1
2022,5,United States,NJ,1971.0
2022,5,United States,NM,374219.2
2022,5,United States,NV,27059.2
2022,5,United States,NY,51496.1
2022,5,United States,OH,382841.8
2022,5,United States,OK,10889.4
2022,5,United States,OR,27931.9
2022,5,United States,PA,1599440.9
2022,5,United States,SC,862823.7
2022,5,United States,SD,6346.3
2022,5,United States,TN,2335518.8
2022,5,United States,TX,2255357.5
2022,5,United States,UT,328263.9
2022,5,United States,VA,346152.7
2022,5,United States,WA,115846.5
2022,5,United States,WI,1225967.5
2022,5,United States,WV,10673.1
2022,5,United States,WY,149.8
2022,6,Canada,AB,28763.96
2022,6,Canada,BC,3405.3
2022,6,Canada,ON,54000.99
2022,6,Canada,QC,198934.1
2022,6,United States,AL,21713.1
2022,6,United States,AR,30597.34
2022,6,United States,AZ,566186.5
2022,6,United States,CA,6088265.0
2022,6,United States,CO,206653.8
2022,6,United States,DC,77.6
2022,6,United States,DE,4702.0
2022,6,United States,FL,258857.02
2022,6,United States,GA,1916055.9
2022,6,United States,IA,10657.4
2022,6,United States,ID,12932.3
2022,6,United States,IL,143809.7
2022,6,United States,IN,1694976.9
2022,6,United States,KS,39241.3
2022,6,United States,KY,19622.7
2022,6,United States,LA,18185.2
2022,6,United States,MD,178039.6
2022,6,United States,MI,64452.3
2022,6,United States,MN,54393.5
2022,6,United States,MO,242257.9
2022,6,United States,MS,14891.1
2022,6,United States,MT,12655.61
2022,6,United States,NC,95893.9
2022,6,United States,ND,10960.101
2022,6,United States,NE,7217.2
2022,6,United States,NM,438983.9
2022,6,United States,NV,44791.4
2022,6,United States,NY,39312.5
2022,6,United States,OH,213659.7
2022,6,United States,OK,9896.8
2022,6,United States,OR,27504.6
2022,6,United States,PA,1997715.4
2022,6,United States,SC,916695.2
2022,6,United States,SD,4630.1997
2022,6,United States,TN,2103117.0
2022,6,United States,TX,1224518.2
2022,6,United States,UT,185881.7
2022,6,United States,VA,371575.6
2022,6,United States,WA,141405.6
2022,6,United States,WI,1197588.8
2022,6,United States,WV,12715.1
2022,6,United States,WY,2278.4
2022,7,Canada,AB,39223.57
2022,7,Canada,BC,9560.1
2022,7,Canada,ON,71535.96
2022,7,Canada,QC,139853.6
2022,7,United States,AL,20901.7
2022,7,United States,AR,32771.04
2022,7,United States,AZ,506664.53
2022,7,United States,CA,6769410.0
2022,7,United States,CO,193598.6
2022,7,United States,DC,186.8
2022,7,United States,DE,9351.601
2022,7,United States,FL,246866.31
2022,7,United States,GA,1796569.8
2022,7,United States,IA,7586.4
2022,7,United States,ID,7024.7
2022,7,United States,IL,173561.4
2022,7,United States,IN,1501712.2
2022,7,United States,KS,40201.6
2022,7,United States,KY,34193.3
2022,7,United States,LA,28538.6
2022,7,United States,MD,184677.4
2022,7,United States,MI,66957.4
2022,7,United States,MN,129034.76
2022,7,United States,MO,234832.53
2022,7,United States,MS,5490.0
2022,7,United States,MT,8010.8
2022,7,United States,NC,100401.4
2022,7,United States,ND,5459.4004
2022,7,United States,NE,5998.4
2022,7,United States,NM,489861.3
2022,7,United States,NV,23530.201
2022,7,United States,NY,39476.9
2022,7,United States,OH,270207.6
2022,7,United States,OK,9101.5
2022,7,United States,OR,31834.4
2022,7,United States,PA,2419864.2
2022,7,United States,SC,881338.1
2022,7,United States,SD,2231.4
2022,7,United States,TN,1905367.0
2022,7,United States,TX,1572716.8
2022,7,United States,UT,211995.4
2022,7,United States,VA,403275.4
2022,7,United States,WA,135223.5
2022,7,United States,WI,1037365.25
2022,7,United States,WV,10228.2
2022,7,United States,WY,458.3
2022,8,Canada,AB,52526.16
2022,8,Canada,BC,8943.7
2022,8,Canada,ON,288518.7
2022,8,Canada,QC,134591.7
2022,8,United States,AL,21763.9
2022,8,United States,AR,63849.94
2022,8,United States,AZ,436132.2
2022,8,United States,CA,8555936.0
2022,8,United States,CO,239412.6
2022,8,United States,DC,174.8
2022,8,United States,DE,4662.2
2022,8,United States,FL,224309.7
2022,8,United States,GA,1757555.2
2022,8,United States,IA,8503.0
2022,8,United States,ID,26606.9
2022,8,United States,IL,175818.5
2022,8,United States,IN,1422091.4
2022,8,United States,KS,47812.6
2022,8,United States,KY,46031.2
2022,8,United States,LA,40711.1
2022,8,United States,MD,183375.8
2022,8,United States,MI,115688.6
2022,8,United States,MN,54303.2
2022,8,United States,MO,196452.7
2022,8,United States,MS,15532.0
2022,8,United States,MT,21873.1
2022,8,United States,NC,85242.4
2022,8,United States,ND,7672.0
2022,8,United States,NE,5020.3
2022,8,United States,NH,915.2
2022,8,United States,NM,552348.6
2022,8,United States,NV,41777.9
2022,8,United States,NY,41153.4
2022,8,United States,OH,244263.19
2022,8,United States,OK,14129.0
2022,8,United States,OR,94061.305
2022,8,United States,PA,2652730.2
2022,8,United States,SC,700518.0
2022,8,United States,SD,4719.0
2022,8,United States,TN,2104884.5
2022,8,United States,TX,1385263.2
2022,8,United States,UT,156665.6
2022,8,United States,VA,537157.1
2022,8,United States,WA,216655.61
2022,8,United States,WI,1162824.0
2022,8,United States,WV,9222.4
2022,8,United States,WY,2729.6
2022,9,Canada,AB,29205.75
2022,9,Canada,BC,9323.6
2022,9,Canada,ON,577649.56
2022,9,Canada,QC,139957.08
2022,9,United States,AL,16257.5
2022,9,United States,AR,65750.65
2022,9,United States,AZ,276166.94
2022,9,United States,CA,6222592.5
2022,9,United States,CO,214899.92
2022,9,United States,CT,793.1
2022,9,United States,DC,73.6
2022,9,United States,DE,3191.4
2022,9,United States,FL,171259.34
2022,9,United States,GA,1245418.0
2022,9,United States,IA,15541.2
2022,9,United States,ID,17253.7
2022,9,United States,IL,95329.1
2022,9,United States,IN,1032349.3
2022,9,United States,KS,50515.66
2022,9,United States,KY,19250.5
2022,9,United States,LA,18062.9
2022,9,United States,MD,144611.8
2022,9,United States,MI,47492.4
2022,9,United States,MN,50345.0
2022,9,United States,MO,164299.88
2022,9,United States,MS,8405.5
2022,9,United States,MT,18897.5
2022,9,United States,NC,83676.65
2022,9,United States,ND,10967.601
2022,9,United States,NE,5587.7
2022,9,United States,NM,340238.4
2022,9,United States,NV,42293.46
2022,9,United States,NY,32548.3
2022,9,United States,OH,373557.22
2022,9,United States,OK,10240.5
2022,9,United States,OR,60204.8
2022,9,United States,PA,1741381.0
2022,9,United States,SC,379506.3
2022,9,United States,SD,7683.3
2022,9,United States,TN,1281370.6
2022,9,United States,TX,1091008.6
2022,9,United States,UT,201813.0
2022,9,United States,VA,283593.47
2022,9,United States,WA,250427.0
2022,9,United States,WI,682191.94
2022,9,United States,WV,7020.9
2022,10,United States,CA,183221.8
2022,10,United States,LA,219.1
2022,10,United States,PA,1726.0
2022,10,United States,TN,15632.5
2022,12,United States,CA,136.5
2022,12,United States,WA,5.1
